Women's Rugby,Senior Perspective: Gabrielle Fernandopulle,2021
Baseball,Senior Perspective: Matt Thomas,2021
Women's Soccer,"Margaret Purce ’17: Prolific Goal Setter, Scorer, and Achiever",2021
Women's Rugby,It Takes Two to Tackle Jarrell,2021
Women's Squash,"Life on the Tour: Amanda Sobhy ’15, Haley Mendez ’15, and Sabrina Sobhy ’19 Reflect on Time at Harvard, Pro Squash Careers",2021
Women's Rugby,Harvard Women’s Rugby Standouts One Step Closer to Representing the United States on Rugby’s Biggest Stage,2021
Women's Squash,Women's Squash Team's Sweet Taste of Victory,2021
Sports Features,"Student-Athletes Deferred Enrollment at Markedly Higher Rates than College Students at Large in 2020-21, Crimson Analysis Finds",2021
Sports Features,"A Note to Readers: The Last Supplement of Its Kind, Hopefully",2021
Women's Basketball,Post Player: Former Women’s Basketball Captain Jacqueline Alemany Covers Congress for The Washington Post,2021
Sports Features,Dillon Field House,2021
Football,'Love First': How RuQuan Brown Bounces Back and Makes a Difference,2021
Men's Ice Hockey,Moy Siblings Make a Transatlantic Leap,2021
Sports Features,Beginnings and Endings: Parting Shot,2021
Sports Features,Athletes on Leave Tree Map,2021
Sports Features,The Game '16,2021
Women's Basketball,To the Hoop,2021
Women's Rugby,Fernandopulle Finds the Try Zone,2021
Football,Love1,2021
Football,Multi-Positional Star,2021
Women's Rugby,Mask Up,2021
Women's Rugby,Speedy Spiral,2021
Baseball,Thomas Tees Off,2021
Women's Soccer,Giving 100 Purcent,2021
Women's Rugby,Bargell Breaks Through Defender,2021
Women's Basketball,From Guard to The Post,2021
Women's Rugby,Mask Up,2021
Women's Soccer,Celly Time,2021
Women's Soccer,Midfielder Lara Schenk Finds Ways to Train Among the Best Despite Pandemic,2021
Women's Soccer,To the Goal,2021
Women's Swimming,"Tri-Captain of Women’s Swim and Dive Team, Cassandra Pasadyn, Activates Advanced Standing",2021
Men's Ice Hockey,Reason to Celebrate,2021
Men's Basketball,Committed: How Harvard Basketball Has Recruited in a Pandemic,2021
Women's Swimming,Off the Blocks,2021
Wrestling,A Fighter,2021
Track and Cross Country,Run with a View,2021
Track and Cross Country,Pure Power,2021
Ivy League,One Year Later: Harvard Student-Athletes Reflect on Lack of Ivy League Competition Since Last March,2021
Women's Swimming,Walking on Water,2021
Women's Swimming,Flipped Classroom: Elizabeth Miclau Trains for Diving World Championships,2021
Track and Cross Country,Uncharted Territory: Cross Country Runners Relocate to High Altitude for High-Volume Training,2021
Men's Basketball,Kirkwood Remains Focused,2021
Men's Squash,"Across the Atlantic, Crouin's Work Ethic Remains Strong",2021
Sports Features,A Note to Readers: 365 Days Later,2021
Women's Basketball,Just one of many options for Coach Delaney-Smith's Zoom background on calls with recruits,2021
Men's Ice Hockey,"With Players Scattered Across the Country, Men’s Hockey Prepares for Uncertain Post-Covid Future",2021
Wrestling,Yaraslau Slavikouski: The Pinnacle of Discipline,2021
Men's Basketball,"In Canada and Separated from Teammates, Noah Kirkwood Works to Stay Connected",2021
Women's Ice Hockey,Welcome to the Lion's Den,2021
Sports Features,365 Days Unlike Any Other,2021
Women's Ice Hockey,A Player’s Coach: Dom Petrie Stays Connected to the Game and Mentors the Next Generation of Girls,2021
Men's Squash,"Across the Atlantic, Crouin's Work Ethic Remains Strong",2021
Women's Ice Hockey,Welcome to the Lion's Den,2021
Football,Not Just TDs (FGs Too),2021
Football,3 TDs in 3 OTs,2021
Football,"Brate '14 Set to Appear in Super Bowl LV, Marking Back-to-Back Years with Harvard Alum in Game",2021
Baseball,Former Crimson Infielder Peter Woodfork ‘99 Reflects on His Path from Harvard Baseball to Overseeing Minor League Operations,2020
Baseball,Old Stomping Grounds,2020
Women's Crew,Water-to-Farm-to-Table,2020
Baseball,A Whole New Ballgame,2020
Women's Crew,"From the Water to a Farm, Caroline Noble Makes Her Mark",2020
Baseball,Going Yard?,2020
Women's Crew,Oars in the Air,2020
Women's Crew,Farm Fresh,2020
Men's Crew,On the Open Water,2020
Men's Crew,Winding Up,2020
Sports Features,Australian First-Year Student-Athletes Navigate the New Normal,2020
Men's Crew,Victory,2020
Sports Features,Not This Year,2020
Women's Crew,Marathon Fundraiser,2020
Women's Crew,Marathon with a Meaning,2020
Sports Features,History 1852: Finding Sports When Sports Are Hard to Find,2020
Football,First-Year Linebacker Considers Amateur MMA Fighting in Place of Spring Semester,2020
Football,Contact Sport to Combat Sport,2020
Baseball,Slugger,2020
Sports Features,History 1852: Finding Sports When Sports Are Hard to Find,2020
Women's Rugby,Game Face,2020
Women's Rugby,"With 12-Hour Time Differences and Unprecedented Uncertainty, Rugby Standout Sofie Fella Embraces the New Normal",2020
Women's Rugby,Huddle Up,2020
Sports Features,Bigger than Basketball,2020
Sports Features,Black Lives Matter,2020
Women's Lacrosse,To Be a Student-Athlete,2020
Women's Lacrosse,Pre-Game Hype,2020
Women's Lacrosse,Senior Celebration,2020
Women's Lacrosse,The Champions,2020
Women's Lacrosse,30 Years Later: The Historic Season That Harvard Women’s Lacrosse Was Perfect,2020
Men's Basketball,Head Coach,2020
Men's Basketball,2020 Vision,2020
Women's Squash,"A ‘Quiet Warrior’: Gina Kennedy, Female Athlete of the Year",2020
Women's Crew,Senior Perspective: Grace Eysenbach — Learning from Imperfect Ending,2020
Men's Water Polo,"Number 200: Men’s Water Polo vs. Princeton, Game of the Year",2020
Women's Ice Hockey,"‘This Is Why We Get Skated So Much’: Women’s Ice Hockey Outlasts Yale, Team Performance of the Year",2020
Year in Sports,A Note to Readers: A Year in Sports Unlike Any Other,2020
Men's Ice Hockey,Men's Hockey 2019-2020 Season Recap,2020
Women's Rugby,"It's Lonely at the Top: Women's Rugby, National Champs and Team of the Year",2020
Women's Soccer,‘A Unicorn Class’: Women's Soccer Welcomes Historic Recruiting Class,2020
Women's Swimming,"Seconds Ahead of Second: Felicia Pasadyn, Female Rookie of the Year",2020
Baseball,Senior Perspective: Jake Suddleson,2020
Men's Ice Hockey,"Another Accolade: Nick Abruzzese, Male Rookie of the Year",2020
Men's Basketball,Senior Perspective: Justin Bassey,2020
Track and Cross Country,"Setting Her Own Pace: Abbe Goldstein, Comeback of the Year",2020
Women's Basketball,‘She Wouldn’t Back Down’: Inside Incoming Athletic Director Erin McDermott’s College Basketball Career,2020
Women's Soccer,‘A Unicorn Class’: Women's Soccer Welcomes Historic Recruiting Class,2020
Men's Basketball,Senior Perspective: Justin Bassey,2020
Men's Ice Hockey,Men's Hockey 2019-2020 Season Recap,2020
Men's Tennis,Doubling Down on Youth,2020
Men's Tennis,Youth Proves to be the Aces of Harvard Tennis in Abbreviated Season,2020
Women's Basketball,"Pass First, But Score Too",2020
Women's Basketball,"Changing Course, Former Harvard Basketball Star Benzan Lands on Maryland for Post-Grad Season",2020
Features,Clark Dean’s Olympic Training Put on Pause,2020
Features,"Stars, Stripes, and Oars",2020
Men's Basketball,Going Home: Bryce Aiken Announces Transfer to Seton Hall,2020
Features,Coronavirus Puts Harvard Fencer Elizabeth Tartakovsky’s Olympic Dream On Hold,2020
Men's Basketball,"Much to Give, Plenty to Prove: Seth Towns Returns Home",2020
Men's Basketball,Five-Minute Overtime: Men's Basketball's Post-Practice Drill Pays Dividends,2020
Features,"“Stress with Answers:"" Gina Kennedy and Navigating Pressure in Elite Squash",2020
Men's Basketball,The Long Road Back: Reed Farley's Return to Men's Basketball,2020
Men's Basketball,Farther than Farley,2020
Men's Basketball,Three More,2020
Women's Basketball,Crafting a New Identity: Women's Basketball Midseason Report,2020
Men's Ice Hockey,No. 17 Men's Hockey Falls to No. 12 Northeastern in Beanpot Semifinal,2020
Men's Basketball,All Business,2020
Women's Basketball,"On Education Day, Over One Thousand Local Kids Cheer on Women’s Basketball",2019
Men's Tennis,Harvard Men's Tennis' Family Dynasty: Bo and Lane Leschly,2019
Men's Tennis,Bo Ball,2019
Men's Tennis,Harvard Men's Tennis' Family Dynasty: Bo and Lane Leschly,2019
Football,Where All the Action Happens: The Adams Housing Day Video,2019
Football,"Cool Story, Bro(gan)",2019
Men's Basketball,"As Men’s Basketball Heads North, Two Journeys Come Full-Circle",2019
Men's Lacrosse,Gerry Byrne Set to Take the Reins of Harvard Men’s Lacrosse,2019
Women's Basketball,A Fresh But Uncertain Future: 2019-20 Harvard Women’s Basketball Preview,2019
Men's Basketball,High Expectations: 2019-20 Harvard Men's Basketball Preview,2019
Women's Soccer,From Soccer to Survivor: Kellee Kim '12 Competes on Long-Running CBS Show,2019
Sports Features,NCAA Greenlights Players Profiting Off of Image: What's Next?,2019
Football,Healing Through Football: The Return of Hunt Sparks,2019
Women's Basketball,"With Court to Corporate, Kirby Porter ’18 Aims to Reshape the Narrative Around Athletes in Business",2019
Men's Basketball,In Photos: 2019 Crimson Madness,2019
Sports Features,First-Year Athletes Impetus in Scooter Revolution,2019
Sports Features,Deals on Wheels,2019
Men's Crew,Head of the Charles 2019,2019
Sports Features,"Jon Morosi ‘04 Talks Baseball, Harvard, and Sports Journalism",2019
Sports Features,Nostalgia,2019
Sports Features,Leading and Learning Together,2019
Sports Features,Leading Together,2019
Sports Features,Pit Stops?,2019
Sports Features,A Warm Return,2019
Sports Features,Harvard Junior Runs Nearly 70 Miles Back to College,2019
Sports Features,Born to Run,2019
Men's Squash,Squash Supreme: Both Men and Women are Teams of the Year,2019
Women's Ice Hockey,A Hockey Life: Bradley Fusco,2019
Field Hockey,"Saves Galore: Ellie Shahbo, Female Rookie of the Year",2019
Men's Basketball,"Double-Clutch: Harvard Men's Basketball vs. Columbia, Game of the Year",2019
Track and Cross Country,"One-Shoe Wonder: Kieran Tuntivate, Male Performance of the Year",2019
Sports Features,Data Feature — 10 Years Later: Where are They Now?,2019
Track and Cross Country,"Record Time: Lisa Tertsch, Female Performance of the Year",2019
Baseball,Triple Play: Harvard Baseball's Stone Brothers,2019
Men's Basketball,"A 'Bad Boy': Noah Kirkwood, Male Rookie of the Year",2019
Men's Swimming,"All-American: Dean Farris, Male Athlete of the Year",2019
Field Hockey,"Off to the Horses: Tjerk van Herwaarden, Coach of the Year",2019
Baseball,"Nine in the Ninth: Baseball vs. Yale, Comeback of the Year",2019
Women's Ice Hockey,"The Puck Stops Here: Lindsay Reed, Female Athlete of the Year",2019
Men's Squash,Squash Supreme: Both Men and Women are Teams of the Year,2019
Sports Features,Thesis in Hand,2019
Women's Ice Hockey,A Hockey Life: Bradley Fusco,2019
Football,"Aaron Amok: Aaron Shampklin, Male Breakout Athlete of the Year",2019
Men's Basketball,Senior Perspective: Robbie Feinberg,2019
Sports Features,Alums 08-09 Men's,2019
Sports Features,Alums 08-09 Women's,2019
Sports Features,Alums 08-09 Seniors,2019
Sports Features,Say Cheers,2019
Sports Features,Alums 08-09 Survey,2019
Sports Features,Pupped Up,2019
Sports Features,Alums 08-09 1,2019
Men's Volleyball,Full Circle: Hawaiian Freshmen Reunite at Harvard,2019
Men's Ice Hockey,Men's Hockey's Adam Fox Signs with New York Rangers,2019
Football,"Harvard Senior Larry Allen Jr. Signs with Dallas Cowboys, Continuing Father's Legacy",2019
Club Sports,The Last Gymnasts of Hemenway,2019
Baseball,Shaw Sets Ivy League Saves Record,2019
Men's Soccer,Former Harvard Goalkeeper Matt Freese Debuts for MLS's Philadelphia Union,2019
Track and Cross Country,The Welshman: Freshman Thrower Eyes Big Stage,2019
Softball,The Commander of Soldiers Field: Jenny Allard’s Remarkable Career,2019
Softball,Leading the Way,2019
Softball,Flashback: Harvard Splits Strange 2018 Ivy League Title,2019
Softball,Hi-Energy Pitch,2019
Women's Lacrosse,Hometown Heroes: High School Teammates Reunite on Harvard Women’s Lacrosse,2019
Men's Ice Hockey,Men's Hockey Announces Three Captains for 2019-2020,2019
Sports Features,Running for a Cause,2019
Sports Features,The Building Where It Happens,2019
Sports Features,Rolling Ahead,2019
Fencing,COLUMN: Authority Figures Must Learn from the Harvard Fencing Scandal,2019
Sports Features,"As a Tandem, Harvard Senior to Compete with Lifelong Friend in Boston Marathon",2019
Baseball,"First Baseman Patrick McColl Leads Team in Batting Average, Runs",2019
Men's Volleyball,It Runs in the Family: Matthew Ctvrtlik's Journey to the Ivy League,2019
Men's Ice Hockey,Thirty Years Later: Men's Hockey's 1989 National Title Inspires Upcoming NCAA Tournament Run,2019
Men's Ice Hockey,Men's Hockey In Photos: The 2018-2019 Regular Season,2019
Sports Features,Harvard Curling Club: From Learn-To-Curl to Nationals,2019
Track and Cross Country,Picking up the Pace: Jovahn Williamson Spotlight,2019
Women's Lacrosse,Former Team USA Goalie Devon Wills Takes Reins for Women’s Lacrosse,2019
Men's Basketball,Reconnecting with the Golden Generation: Harvard Basketball in the 1940's,2019
Women's Ice Hockey,20 Years Later: Reflecting on Harvard’s 1999 National Championship,2019
Women's Lacrosse,Former Team USA Goalie Devon Wills Takes Reins for Women’s Lacrosse,2019
Men's Ice Hockey,The Rise of Michael Lackey,2019
Women's Water Polo,Women's Water Polo Still Perfect After Nine Games,2019
Men's Basketball,Remembering Where He Came From: Five Minutes with Jeremy Lin,2019
Men's Basketball,The Supercharger: Rob Baker Sparks Men’s Basketball,2019
Men's Basketball,Remembering Where He Came From: Five Minutes with Jeremy Lin,2019
Men's Basketball,Triple Threat: The Rise of the Three-Pointer at Harvard,2019
Baseball,Harvard Baseball Builds New Friendships in Dominican Republic Trip,2019
Men's Basketball,The Return of Bryce Aiken,2019
Features,Rugby's Recruiting Success and Its 2018 Run to the NIRA Championship Game,2019
Men's Basketball,A Voice Beyond the Court for Harvard Basketball,2019
Men's Ice Hockey,Men's Hockey's Jack Drury Earns Silver at World Junior Championship,2019
Men's Basketball,In Photos: A Trip to Chapel Hill for Harvard Men's Basketball,2019
Track and Cross Country,A Day in the Life of a Harvard Sprinter: Ngozi Musa,2018
Men's Swimming,A Day In the Life of a Swimmer: Charles Vaughan,2018
Men's Ice Hockey,Men's Hockey's Jack Drury Invited to USA WJC Camp,2018
Baseball,"Summer Ball: Rosenblum-Larson, Zavolas Go Pro",2018
Women's Ice Hockey,Karly Heffernan is Finding Life After Hockey,2018
Football,"A Look Back at the Men Who Led Harvard to Beat Yale, 29-29",2018
Previews,The 135th Playing of The Game,2018
Football,Transformative Experience,2018
Women's Golf,Chloe Royston Looks to Find Success in Her First Season with Harvard Golf,2018
Men's Squash,Egypt Holds Special Place in the Heart of Harvard Squash Players,2018
Field Hockey,Field Hockey Races into NCAA Tournament on 13-Game Winning Streak,2018
Women's Basketball,Kathy's Crusade,2018
